<?xml version="1.0" encoding="UTF-8"?>
<!DOCTYPE xml>
<samlp:AuthnRequest xmlns:samlp="urn:oasis:names:tc:SAML:2.0:protocol"
    xmlns:saml="urn:oasis:names:tc:SAML:2.0:assertion"
    xmlns:ds="http://www.w3.org/2000/09/xmldsig#"
    xmlns:md="urn:oasis:names:tc:SAML:2.0:metadata"
    xmlns:esp="urn:etoegang:1.9:samlp-extension"
    ID="_4b5af9ca-33ef-400f-9c97-398ab0c8e9c7"
    Destination="https://..."
    ForceAuthn="true"
    AssertionConsumerServiceIndex="1"
    AttributeConsumingServiceIndex="4"
    ProviderName="DV Name"
    IssueInstant="2015-04-10T12:30:03Z"
    Version="2.0">
    <saml:Issuer>urn:etoegang:HM:</saml:Issuer>
    <ds:Signature>
        <ds:SignedInfo>
            <ds:CanonicalizationMethod Algorithm="http://www.w3.org/2001/10/xml-exc-c14n#" />
            <ds:SignatureMethod Algorithm="http://www.w3.org/2001/04/xmldsig-more#rsa-sha256" />
            <ds:Reference URI="#_4b5af9ca-33ef-400f-9c97-398ab0c8e9c7">
                <ds:Transforms>
                    <ds:Transform Algorithm="http://www.w3.org/2000/09/xmldsig#enveloped-signature" />
                    <ds:Transform Algorithm="http://www.w3.org/2001/10/xml-exc-c14n#" />
                </ds:Transforms>
                <ds:DigestMethod Algorithm="http://www.w3.org/2001/04/xmlenc#sha256" />
                <ds:DigestValue></ds:DigestValue>
            </ds:Reference>
        </ds:SignedInfo>
        <ds:SignatureValue></ds:SignatureValue>
        <ds:KeyInfo>
            <ds:KeyName></ds:KeyName>
        </ds:KeyInfo>
    </ds:Signature>
    <samlp:Extensions>
        <saml:Attribute Name="urn:etoegang:core:IntendedAudience">
            <saml:AttributeValue>urn:etoegang:DV:...:entities:...</saml:AttributeValue>
        </saml:Attribute>
        <saml:Attribute Name="urn:etoegang:core:ServiceID">
            <saml:AttributeValue>urn:etoegang:DV:...:services:...</saml:AttributeValue>
        </saml:Attribute>
        <saml:Attribute Name="urn:etoegang:core:ServiceUUID">
            <saml:AttributeValue>bf83ccef-6c9d-443f-ac11-9df0a0a9d299</saml:AttributeValue>
        </saml:Attribute>
        <esp:RequestedAttributes>
            <md:RequestedAttribute Name="urn:etoegang:1.9:attribute:FirstName" isRequired="false" />
        </esp:RequestedAttributes>
    </samlp:Extensions>
    <samlp:RequestedAuthnContext Comparison="minimum">
        <saml:AuthnContextClassRef>urn:etoegang:core:assurance-class:loa3</saml:AuthnContextClassRef>
    </samlp:RequestedAuthnContext>
</samlp:AuthnRequest>