<?xml version="1.0" encoding="UTF-8"?>
<samlp:Response xmlns:samlp="urn:oasis:names:tc:SAML:2.0:protocol"
    xmlns:saml="urn:oasis:names:tc:SAML:2.0:assertion"
    xmlns:ds="http://www.w3.org/2000/09/xmldsig#"
    Destination="https://"
    ID="_62619615-e452-47d3-a44b-93da2d5a76f9"
    InResponseTo="_4b5af9ca-33ef-400f-9c97-398ab0c8e9c7"
    IssueInstant="2015-04-10T11:16:28Z"
    Version="2.0">
 
    <saml:Issuer>urn:etoegang:AD:</saml:Issuer>
    <ds:Signature>
        <ds:SignedInfo>
            <ds:CanonicalizationMethod Algorithm="http://www.w3.org/2001/10/xml-exc-c14n#"/>
            <ds:SignatureMethod Algorithm="http://www.w3.org/2001/04/xmldsig-more#rsa-sha256"/>
            <ds:Reference URI="#_62619615-e452-47d3-a44b-93da2d5a76f9">
                <ds:Transforms>
                    <ds:Transform Algorithm="http://www.w3.org/2000/09/xmldsig#enveloped-signature"/>
                    <ds:Transform Algorithm="http://www.w3.org/2001/10/xml-exc-c14n#"/>
                </ds:Transforms>
                <ds:DigestMethod Algorithm="http://www.w3.org/2001/04/xmlenc#sha256"/>
                <ds:DigestValue></ds:DigestValue>
            </ds:Reference>
        </ds:SignedInfo>
        <ds:SignatureValue></ds:SignatureValue>
        <ds:KeyInfo>
            <ds:KeyName></ds:KeyName>
        </ds:KeyInfo>
    </ds:Signature>
    <samlp:Status>
      <samlp:StatusCode Value="urn:oasis:names:tc:SAML:2.0:status:Success"/>
    </samlp:Status>
    
  <saml:Assertion xmlns:saml="urn:oasis:names:tc:SAML:2.0:assertion"
    xmlns:xenc="http://www.w3.org/2001/04/xmlenc#"
    xmlns:ds="http://www.w3.org/2000/09/xmldsig#"
    ID="_f0ba7712-50e4-4d30-8bb5-e63a771507de"
    IssueInstant="2015-04-10T11:16:28Z"
    Version="2.0">
 
	    <saml:Issuer>urn:etoegang:AD:</saml:Issuer>
	    <ds:Signature>
	        <ds:SignedInfo>
	            <ds:CanonicalizationMethod Algorithm="http://www.w3.org/2001/10/xml-exc-c14n#"/>
	            <ds:SignatureMethod Algorithm="http://www.w3.org/2001/04/xmldsig-more#rsa-sha256"/>
	            <ds:Reference URI="#_f0ba7712-50e4-4d30-8bb5-e63a771507de">
	                <ds:Transforms>
	                    <ds:Transform Algorithm="http://www.w3.org/2000/09/xmldsig#enveloped-signature"/>
	                    <ds:Transform Algorithm="http://www.w3.org/2001/10/xml-exc-c14n#"/>
	                </ds:Transforms>
	                <ds:DigestMethod Algorithm="http://www.w3.org/2001/04/xmlenc#sha256"/>
	                <ds:DigestValue></ds:DigestValue>
	            </ds:Reference>
	        </ds:SignedInfo>
	        <ds:SignatureValue></ds:SignatureValue>
	        <ds:KeyInfo>
	            <ds:KeyName></ds:KeyName>
	        </ds:KeyInfo>
	    </ds:Signature>
	    <saml:Subject>
	        <saml:NameID Format="urn:oasis:names:tc:SAML:2.0:nameid-format:transient">d6730e65-500a-44e2-961e-cca53e7c60a4</saml:NameID>
	        <saml:SubjectConfirmation Method="urn:oasis:names:tc:SAML:2.0:cm:bearer">
	            <saml:SubjectConfirmationData InResponseTo="_4b5af9ca-33ef-400f-9c97-398ab0c8e9c7"
	                NotOnOrAfter="2015-04-10T11:18:28Z" Recipient="https://" />
	        </saml:SubjectConfirmation>
	    </saml:Subject>
	    <saml:Conditions NotBefore="2015-04-10T11:16:28Z" NotOnOrAfter="2015-04-10T11:18:28Z">
	        <saml:AudienceRestriction>
	            <saml:Audience>urn:etoegang:HM:</saml:Audience>
	            <saml:Audience>urn:etoegang:DV:</saml:Audience>
	        </saml:AudienceRestriction>
	    </saml:Conditions>
	    <saml:AuthnStatement AuthnInstant="2015-04-10T11:16:28Z">
	        <saml:AuthnContext>
	            <saml:AuthnContextClassRef>urn:etoegang:core:assurance-class:loa4</saml:AuthnContextClassRef>
	            <saml:AuthenticatingAuthority></saml:AuthenticatingAuthority>
	        </saml:AuthnContext>
	    </saml:AuthnStatement>
	    <saml:AttributeStatement>
	        <saml:Attribute Name="urn:etoegang:core:Representation">
	            <saml:AttributeValue>false</saml:AttributeValue>
	        </saml:Attribute>
	        <saml:Attribute Name="urn:etoegang:core:ServiceUUID">
	            <saml:AttributeValue>bf83ccef-6c9d-443f-ac11-9df0a0a9d299</saml:AttributeValue>
	        </saml:Attribute>
	        <saml:Attribute Name="urn:etoegang:core:ActingSubjectID">
	            <saml:AttributeValue>
	                <saml:EncrypedID>
	                    <xenc:EncryptedData Id="_cd52e15a16e2a0aa751725ce76a6b866"
	                        Type="http://www.w3.org/2001/04/xmlenc#Element">
	                        <xenc:EncryptionMethod Algorithm="http://www.w3.org/2001/04/xmlenc#aes256-cbc" />
	                        <ds:KeyInfo>
	                            <ds:RetrievalMethod Type="http://www.w3.org/2001/04/xmlenc#EncryptedKey"
	                                URI="#_15531f77a9f1e0b5e0cce442aa31bbd4" />
	                        </ds:KeyInfo>
	                        <xenc:CipherData>
	                            <xenc:CipherValue></xenc:CipherValue>
	                        </xenc:CipherData>
	                    </xenc:EncryptedData>
	                    <xenc:EncryptedKey Id="_15531f77a9f1e0b5e0cce442aa31bbd4"
	                        Recipient="urn:etoegang:DV:">
	                        <xenc:EncryptionMethod Algorithm="http://www.w3.org/2001/04/xmlenc#rsa-oaep-mgf1p">
	                            <ds:DigestMethod Algorithm="http://www.w3.org/2000/09/xmldsig#sha1" />
	                        </xenc:EncryptionMethod>
	                        <ds:KeyInfo>
	                            <ds:KeyName></ds:KeyName>
	                        </ds:KeyInfo>
	                        <xenc:CipherData>
	                            <xenc:CipherValue></xenc:CipherValue>
	                        </xenc:CipherData>
	                        <xenc:ReferenceList>
	                            <xenc:DataReference URI="#_cd52e15a16e2a0aa751725ce76a6b866" />
	                        </xenc:ReferenceList>
	                    </xenc:EncryptedKey>
	                </saml:EncrypedID>
	            </saml:AttributeValue>
	        </saml:Attribute>
	 
	        <saml:EncryptedAttribute>
	            <xenc:EncryptedData Id="Encrypted_urn_etoegang_1.9_attribute_FirstName" Type="http://www.w3.org/2001/04/xmlenc#Element">
	                <xenc:EncryptionMethod Algorithm="http://www.w3.org/2001/04/xmlenc#aes256-cbc" />
	                <ds:KeyInfo>
	                    <ds:KeyName></ds:KeyName>
	                </ds:KeyInfo>
	                <xenc:CipherData>
	                    <xenc:CipherValue></xenc:CipherValue>
	                </xenc:CipherData>
	            </xenc:EncryptedData>
	            <xenc:EncryptedKey>
	            	<ds:KeyInfo>
	            		<ds:KeyName></ds:KeyName>
	            	</ds:KeyInfo>
	            	<xenc:CipherData>
	            		<xenc:CipherValue>
	            		</xenc:CipherValue>
	            	</xenc:CipherData>	            
		        </xenc:EncryptedKey>
		    </saml:EncryptedAttribute>
		    <saml:EncryptedAttribute>
	            <xenc:EncryptedData Id="Encrypted_urn_etoegang_1.9_attribute_18OrOlder" Type="http://www.w3.org/2001/04/xmlenc#Element">
	                <xenc:EncryptionMethod Algorithm="http://www.w3.org/2001/04/xmlenc#aes256-cbc" />
	                <ds:KeyInfo>
	                    <ds:KeyName></ds:KeyName>
	                </ds:KeyInfo>
	                <xenc:CipherData>
	                    <xenc:CipherValue></xenc:CipherValue>
	                </xenc:CipherData>
	            </xenc:EncryptedData>
	            <xenc:EncryptedKey>
	            	<ds:KeyInfo>
	            		<ds:KeyName></ds:KeyName>
	            	</ds:KeyInfo>
	            	<xenc:CipherData>
	            		<xenc:CipherValue>
	            		</xenc:CipherValue>
	            	</xenc:CipherData>	            
		        </xenc:EncryptedKey>
	        </saml:EncryptedAttribute>
	    </saml:AttributeStatement>
	</saml:Assertion>
    
</samlp:Response>