<?xml version="1.0" encoding="UTF-8"?>
<!DOCTYPE xml>
<samlp:AuthnRequest xmlns:samlp="urn:oasis:names:tc:SAML:2.0:protocol"
    ID="_6984066c-de03-11e4-a571-080027a35b78"
    ForceAuthn="true"
    IsPassive="false"
    Destination="https://..."
    ProtocolBinding="urn:oasis:names:tc:SAML:2.0:bindings:HTTP-Artifact"
    AssertionConsumerServiceURL="https://"
    AttributeConsumingServiceIndex="1"
    IssueInstant="2015-04-08T16:30:03Z"
    Version="2.0">
    <saml:Issuer xmlns:saml="urn:oasis:names:tc:SAML:2.0:assertion">urn:etoegang:DV:...</saml:Issuer>
    <ds:Signature xmlns:ds="http://www.w3.org/2000/09/xmldsig#">
        <ds:SignedInfo>
            <ds:CanonicalizationMethod Algorithm="http://www.w3.org/2001/10/xml-exc-c14n#"/>
            <ds:SignatureMethod Algorithm="http://www.w3.org/2001/04/xmldsig-more#rsa-sha256"/>
            <ds:Reference URI=" ">
                <ds:Transforms>
                    <ds:Transform Algorithm="http://www.w3.org/2000/09/xmldsig#enveloped-signature"/>
                    <ds:Transform Algorithm="http://www.w3.org/2001/10/xml-exc-c14n#"/>
                </ds:Transforms>
                <ds:DigestMethod Algorithm="http://www.w3.org/2001/04/xmlenc#sha256"/>
                <ds:DigestValue></ds:DigestValue>
            </ds:Reference>
        </ds:SignedInfo>
        <ds:SignatureValue></ds:SignatureValue>
        <ds:KeyInfo>
            <ds:KeyName></ds:KeyName>
        </ds:KeyInfo>
    </ds:Signature>
    <samlp:RequestedAuthnContext Comparison="minimum">
        <saml:AuthnContextClassRef xmlns:saml="urn:oasis:names:tc:SAML:2.0:assertion">urn:etoegang:core:assurance-class:loa3</saml:AuthnContextClassRef>
    </samlp:RequestedAuthnContext>
</samlp:AuthnRequest>