<?xml version="1.0" encoding="UTF-8"?>
<!DOCTYPE xml>
<samlp:Response xmlns:samlp="urn:oasis:names:tc:SAML:2.0:protocol"
    xmlns:saml="urn:oasis:names:tc:SAML:2.0:assertion"
    xmlns:ds="http://www.w3.org/2000/09/xmldsig#"
    xmlns:xs="http://www.w3.org/2001/XMLSchema"
    xmlns:xsi="http://www.w3.org/2001/XMLSchema-instance"
    ID="_5e702d5c-de06-11e4-a5a1-080027a35b78"
    InResponseTo="lastMessage"
    Version="2.0"
    Destination="https://..."
    IssueInstant="2015-04-08T16:30:06Z">
    <saml:Issuer>urn:etoegang:HM:...</saml:Issuer>
    <ds:Signature>
        <ds:SignedInfo>
            <ds:CanonicalizationMethod Algorithm="http://www.w3.org/2001/10/xml-exc-c14n#"/>
            <ds:SignatureMethod Algorithm="http://www.w3.org/2001/04/xmldsig-more#rsa-sha256"/>
            <ds:Reference URI="#_5e702d5c-de06-11e4-a5a1-080027a35b78">
                <ds:Transforms>
                    <ds:Transform Algorithm="http://www.w3.org/2000/09/xmldsig#enveloped-signature"/>
                    <ds:Transform Algorithm="http://www.w3.org/2001/10/xml-exc-c14n#"/>
                </ds:Transforms>
                <ds:DigestMethod Algorithm="http://www.w3.org/2001/04/xmlenc#sha256"/>
                <ds:DigestValue></ds:DigestValue>
            </ds:Reference>
        </ds:SignedInfo>
        <ds:SignatureValue></ds:SignatureValue>
        <ds:KeyInfo>
            <ds:KeyName></ds:KeyName>
        </ds:KeyInfo>
    </ds:Signature>

    <samlp:Status>
        <samlp:StatusCode Value="urn:oasis:names:tc:SAML:2.0:status:Success" />
    </samlp:Status>
 
 	<saml:Assertion Version="2.0"
    ID="_535162e2-de06-11e4-98a2-080027a35b78"
    IssueInstant="2015-04-08T16:30:05Z">
    <saml:Issuer>urn:etoegang:HM:...</saml:Issuer>
	    <ds:Signature>
	         <ds:SignedInfo>
            <ds:CanonicalizationMethod Algorithm="http://www.w3.org/2001/10/xml-exc-c14n#"/>
            <ds:SignatureMethod Algorithm="http://www.w3.org/2001/04/xmldsig-more#rsa-sha256"/>
            <ds:Reference URI="#_5e702d5c-de06-11e4-a5a1-080027a35b78">
                <ds:Transforms>
                    <ds:Transform Algorithm="http://www.w3.org/2000/09/xmldsig#enveloped-signature"/>
                    <ds:Transform Algorithm="http://www.w3.org/2001/10/xml-exc-c14n#"/>
                </ds:Transforms>
                <ds:DigestMethod Algorithm="http://www.w3.org/2001/04/xmlenc#sha256"/>
                <ds:DigestValue></ds:DigestValue>
            </ds:Reference>
        </ds:SignedInfo>
        <ds:SignatureValue></ds:SignatureValue>
        <ds:KeyInfo>
            <ds:KeyName></ds:KeyName>
        </ds:KeyInfo>
	    </ds:Signature>
	    <saml:Subject>
	        <saml:NameID>
	            ...
	        </saml:NameID>
	        <saml:SubjectConfirmation Method="urn:oasis:names:tc:SAML:2.0:cm:bearer">
	            <saml:SubjectConfirmationData Recipient="https://..." NotOnOrAfter="2015-04-08T16:40:03Z" InResponseTo="_6984066c-de03-11e4-a571-080027a35b78"/>
	        </saml:SubjectConfirmation>
	    </saml:Subject>
	    <saml:Conditions NotBefore="2015-04-08T16:29:04Z" NotOnOrAfter="2015-04-08T17:00:04Z">
	        <saml:AudienceRestriction>
	            <saml:Audience>urn:etoegang:DV:...</saml:Audience>
	        </saml:AudienceRestriction>
	    </saml:Conditions>
	    <saml:Advice>
	        <saml:Assertion IssueInstant="2015-04-08T16:30:04Z" ID="_8a792d9e-de07-11e4-9db2-080027a35b78" Version="2.0">
	            <saml:Issuer>urn:etoegang:AD:...</saml:Issuer>
	            <!-- Verbatim copy of AD declaration of identity contents -->
	        </saml:Assertion>
	        <saml:Assertion IssueInstant="2015-04-08T16:30:04Z" ID="_8a792d9e-de07-11e4-9db3-080027a35b78" Version="2.0">
	            <saml:Issuer>urn:etoegang:MR:...</saml:Issuer>
	            <!-- Verbatim copy of MR declaration of authorization contents -->
	        </saml:Assertion>
	    </saml:Advice>
	    <saml:AuthnStatement AuthnInstant="2015-04-08T16:30:04Z">
	        <saml:AuthnContext>
	            <saml:AuthnContextClassRef>urn:etoegang:core:assurance-class:loa4</saml:AuthnContextClassRef>
	        </saml:AuthnContext>
	    </saml:AuthnStatement>
	    <saml:AttributeStatement>
		    <saml:Attribute Name="urn:etoegang:core:ServiceID">
		        <saml:AttributeValue xsi:type="xs:string">urn:etoegang:DV:...:services:...</saml:AttributeValue>
		    </saml:Attribute>
		    <saml:Attribute Name="urn:etoegang:core:ServiceUUID">
		        <saml:AttributeValue xsi:type="xs:string">dd4dae83-0f35-4695-b24a-29d470a63ea7</saml:AttributeValue>
		    </saml:Attribute>
		    <saml:Attribute Name="urn:etoegang:1.9:EntityConcernedID:KvKnr">
		        <saml:AttributeValue xsi:type="xs:string">12345678</saml:AttributeValue>
		    </saml:Attribute>
		    <saml:Attribute Name="urn:etoegang:1.9:ServiceRestriction:Vestigingsnr">
		        <saml:AttributeValue xsi:type="xs:string">123456789012</saml:AttributeValue>
		    </saml:Attribute>
		</saml:AttributeStatement>
	</saml:Assertion>
</samlp:Response>