<?xml version="1.0" encoding="UTF-8"?>
<!DOCTYPE xml>
<xacml-samlp:XACMLAuthzDecisionQuery 
	xmlns:xacml-samlp="urn:oasis:xacml:2.0:saml:protocol:schema:os" 
	xmlns:samlp="urn:oasis:names:tc:SAML:2.0:protocol"
	xmlns:esp="urn:etoegang:1.9:samlp-extension"
	xmlns:md="urn:oasis:names:tc:SAML:2.0:metadata"
	 
	
	ID=" " 
	Version="2.0" 
	IssueInstant=" " 
	ReturnContext="true" 
	Destination=" ">
	
    <saml:Issuer xmlns:saml="urn:oasis:names:tc:SAML:2.0:assertion">
    </saml:Issuer>
    <ds:Signature xmlns:ds="http://www.w3.org/2000/09/xmldsig#">
        <ds:SignedInfo>
            <ds:CanonicalizationMethod Algorithm="http://www.w3.org/2001/10/xml-exc-c14n#"/>
            <ds:SignatureMethod Algorithm="http://www.w3.org/2001/04/xmldsig-more#rsa-sha256"/>
            <ds:Reference URI=" ">
                <ds:Transforms>
                    <ds:Transform Algorithm="http://www.w3.org/2000/09/xmldsig#enveloped-signature"/>
                    <ds:Transform Algorithm="http://www.w3.org/2001/10/xml-exc-c14n#"/>
                </ds:Transforms>
                <ds:DigestMethod Algorithm="http://www.w3.org/2001/04/xmlenc#sha256"/>
                <ds:DigestValue>
                </ds:DigestValue>
            </ds:Reference>
        </ds:SignedInfo>
        <ds:SignatureValue>
        </ds:SignatureValue>
        <ds:KeyInfo>
            <ds:KeyName>
        </ds:KeyName>
        </ds:KeyInfo>
    </ds:Signature>
    <samlp:Extensions>
        <attribute name="AssertionConsumerServiceIndex" DataType="http://www.w3.org/2001/XMLSchema#unsignedShort" Issuer=" ">
            <AttributeValue>
            </AttributeValue>
        </attribute>
        <esp:RequestedAttributes>           
            <md:RequestedAttribute Name="urn:etoegang:1.11:attribute-represented:CompanyName" IsRequired="false" />       
        </esp:RequestedAttributes>   
    </samlp:Extensions>
    <xacml-context:Request xmlns:xacml-context="urn:oasis:names:tc:xacml:2.0:context:schema:os">
        <xacml-context:Subject>
            <xacml-context:Attribute AttributeId="urn:etoegang:core:AuthenticationMeansID" DataType="http://www.w3.org/2001/XMLSchema#string" Issuer=" ">
                <xacml-context:AttributeValue>
                    <samlp:EncryptedID>
                    </samlp:EncryptedID>
                </xacml-context:AttributeValue>
            </xacml-context:Attribute>
        </xacml-context:Subject>
        <xacml-context:Resource>
            <xacml-context:Attribute AttributeId="urn:etoegang:core:ServiceID" DataType="http://www.w3.org/2001/XMLSchema#string">
                <xacml-context:AttributeValue>
                </xacml-context:AttributeValue>
            </xacml-context:Attribute>
            <xacml-context:Attribute AttributeId="urn:etoegang:core:ServiceUUID" DataType="http://www.w3.org/2001/XMLSchema#string">
                <xacml-context:AttributeValue>
                </xacml-context:AttributeValue>
            </xacml-context:Attribute>
            <xacml-context:Attribute AttributeId="urn:etoegang:core:LevelOfAssurance" DataType="http://www.w3.org/2001/XMLSchema#string">
                <xacml-context:AttributeValue>
                </xacml-context:AttributeValue>
            </xacml-context:Attribute>
    </xacml-context:Resource>
        <xacml-context:Action>
            <xacml-context:Attribute AttributeId="urn:oasis:names:tc:xacml:1.0:action:action-id" DataType="http://www.w3.org/2001/XMLSchema#string">
                <xacml-context:AttributeValue>Authenticate</xacml-context:AttributeValue>
            </xacml-context:Attribute>
        </xacml-context:Action>
        <xacml-context:Environment>
        </xacml-context:Environment>
    </xacml-context:Request>
</xacml-samlp:XACMLAuthzDecisionQuery>