<soapenv:Envelope xmlns:soapenv="http://schemas.xmlsoap.org/soap/envelope/"
    xmlns:saml2p="urn:oasis:names:tc:SAML:2.0:protocol"
    xmlns:saml2="urn:oasis:names:tc:SAML:2.0:assertion"
    xmlns:ds="http://www.w3.org/2000/09/xmldsig#"
    xmlns:xenc="http://www.w3.org/2001/04/xmlenc#"
    xmlns:wsa="http://www.w3.org/2005/08/addressing">
 
    <soapenv:Header>
        <wsa:MessageID>uuid:0f780b8a-046b-11e5-93f2-080027a35b78</wsa:MessageID>
        <wsa:RelatesTo>uuid:078c8608-ddd3-11e4-8a80-080027a35b78</wsa:RelatesTo>
        <wsa:Action>http://www.oasis-open.org/committees/security</wsa:Action>
        <wsa:To>http://www.w3.org/2005/08/addressing/anonymous</wsa:To>
    </soapenv:Header>
 
    <soapenv:Body>
 
        <saml2p:Response Destination="https:///HM"
            ID="_2314b840-c713-11e4-9dc9-080027a35b78" InResponseTo="_2a0cdcf6-d8e2-492c-a86b-3bc443818b9a"
            IssueInstant="2015-03-10T10:43:57.232Z" Version="2.0">
            <saml2:Issuer>urn:etoegang:KR:99999900000005:entities:0001</saml2:Issuer>
            <ds:Signature>
                <ds:SignedInfo>
                    <ds:CanonicalizationMethod Algorithm="http://www.w3.org/2001/10/xml-exc-c14n#" />
                    <ds:SignatureMethod Algorithm="http://www.w3.org/2001/04/xmldsig-more#rsa-sha256" />
                    <ds:Reference URI="#_2314b840-c713-11e4-9dc9-080027a35b78">
                        <ds:Transforms>
                            <ds:Transform Algorithm="http://www.w3.org/2000/09/xmldsig#enveloped-signature" />
                            <ds:Transform Algorithm="http://www.w3.org/2001/10/xml-exc-c14n#" />
                        </ds:Transforms>
                        <ds:DigestMethod Algorithm="http://www.w3.org/2001/04/xmlenc#sha256" />
                        <ds:DigestValue></ds:DigestValue>
                    </ds:Reference>
                </ds:SignedInfo>
                <ds:SignatureValue></ds:SignatureValue>
                <ds:KeyInfo>
                    <ds:KeyName>347bc 8564 5fa8 5648a</ds:KeyName>
                </ds:KeyInfo>
            </ds:Signature>
            <saml2p:Status>
                <saml2p:StatusCode Value="urn:oasis:names:tc:SAML:2.0:status:Success" />
            </saml2p:Status>
            <saml2:Assertion
                ID="_fb12721f-276a-46ad-9500-553969ed8f84" IssueInstant="2015-03-10T10:43:56.752Z"
                Version="2.0">
                <saml2:Issuer>urn:etoegang:KR:99999900000005:entities:0001</saml2:Issuer>
                <ds:Signature>
                    <ds:SignedInfo>
                        <ds:CanonicalizationMethod Algorithm="http://www.w3.org/2001/10/xml-exc-c14n#" />
                        <ds:SignatureMethod Algorithm="http://www.w3.org/2001/04/xmldsig-more#rsa-sha256" />
                        <ds:Reference URI="#_fb12721f-276a-46ad-9500-553969ed8f84">
                            <ds:Transforms>
                                <ds:Transform Algorithm="http://www.w3.org/2000/09/xmldsig#enveloped-signature" />
                                <ds:Transform Algorithm="http://www.w3.org/2001/10/xml-exc-c14n#" />
                            </ds:Transforms>
                            <ds:DigestMethod Algorithm="http://www.w3.org/2001/04/xmlenc#sha256" />
                            <ds:DigestValue></ds:DigestValue>
                        </ds:Reference>
                    </ds:SignedInfo>
                    <ds:SignatureValue></ds:SignatureValue>
                    <ds:KeyInfo>
                        <ds:KeyName>878c 4b36 a345 27d8</ds:KeyName>
                    </ds:KeyInfo>
                </ds:Signature>
                <saml2:Subject>
                    <saml2:NameID Format="urn:oasis:names:tc:SAML:2.0:nameid-format:transient">e830152c-8cdf-498e-9425-62b34e23e8b4</saml2:NameID>
                    <saml2:SubjectConfirmation Method="urn:oasis:names:tc:SAML:2.0:cm:bearer">
                        <saml2:SubjectConfirmationData InResponseTo="_2a0cdcf6-d8e2-492c-a86b-3bc443818b9a" NotOnOrAfter="2015-03-01T09:41:12Z" Recipient="https://" />
                    </saml2:SubjectConfirmation>
                </saml2:Subject>
                <saml2:Conditions NotBefore="2015-03-10T10:43:56.936Z" NotOnOrAfter="2015-03-10T10:58:56.936Z">
                    <saml2:AudienceRestriction>
                        <saml2:Audience>urn:etoegang:DV:99999900000003:entities:1900</saml2:Audience>
                    </saml2:AudienceRestriction>
                </saml2:Conditions>
                <saml2:Advice>
                    <saml2:AssertionIDRef>_27347532-7918-43b1-ae25-632056c4ea45</saml2:AssertionIDRef>
                </saml2:Advice>
                <saml2:AttributeStatement>
                    <saml2:Attribute Name="urn:etoegang:core:DeclarationType">
                        <saml2:AttributeValue>DeclarationOfSectoralIdentity</saml2:AttributeValue>
                    </saml2:Attribute>
                    <saml2:Attribute Name="urn:etoegang:core:SchemeVersion">
                        <saml2:AttributeValue>1.9</saml2:AttributeValue>
                    </saml2:Attribute>
                    <saml2:Attribute Name="urn:etoegang:core:LinkedDeclarationSignatureValue">
                        <saml2:AttributeValue>9BgLTZC7sMzdkYcE44iaQo1Mp5/Y8VTTMzpzn8vwWWs=</saml2:AttributeValue>
                    </saml2:Attribute>
                </saml2:AttributeStatement>
                <saml2:AttributeStatement>
                    <saml2:Attribute Name="urn:etoegang:core:SectorID">
                        <saml2:AttributeValue>
                            <saml2:EncryptedID>
                                <xenc:EncryptedData
                                    Id="_44b989b12376ce15fdbd9dcacedf3717"
                                    Type="http://www.w3.org/2001/04/xmlenc#Element">
                                    <xenc:EncryptionMethod
                                        xmlns:xenc="http://www.w3.org/2001/04/xmlenc#"
                                        Algorithm="http://www.w3.org/2001/04/xmlenc#aes256-cbc" />
                                    <ds:KeyInfo>
                                        <ds:RetrievalMethod
                                            Type="http://www.w3.org/2001/04/xmlenc#EncryptedKey"
                                            URI="#_4dc720c7d2ce69f8f0d901835541e9dc" />
                                    </ds:KeyInfo>
                                    <xenc:CipherData>
                                        <xenc:CipherValue></xenc:CipherValue>
                                    </xenc:CipherData>
                                </xenc:EncryptedData>
                                <xenc:EncryptedKey
                                    Id="_4dc720c7d2ce69f8f0d901835541e9dc"
                                    Recipient="urn:etoegang:DV:99999900000003:entities:1900">
                                    <xenc:EncryptionMethod Algorithm="http://www.w3.org/2001/04/xmlenc#rsa-oaep-mgf1p">
                                        <ds:DigestMethod Algorithm="http://www.w3.org/2000/09/xmldsig#sha1" />
                                    </xenc:EncryptionMethod>
                                    <ds:KeyInfo>
                                        <ds:KeyName> 63a9 </ds:KeyName>
                                    </ds:KeyInfo>
                                    <xenc:CipherData>
                                        <xenc:CipherValue></xenc:CipherValue>
                                    </xenc:CipherData>
                                    <xenc:ReferenceList>
                                        <xenc:DataReference URI="#_44b989b12376ce15fdbd9dcacedf3717" />
                                    </xenc:ReferenceList>
                                </xenc:EncryptedKey>
                            </saml2:EncryptedID>
                        </saml2:AttributeValue>
                    </saml2:Attribute>
                </saml2:AttributeStatement>
            </saml2:Assertion>
        </saml2p:Response>
    </soapenv:Body>
</soapenv:Envelope>