<?xml version="1.0" encoding="UTF-8"?>
<!DOCTYPE xml>
<SignResponse xmlns="urn:oasis:names:tc:dss:1.0:core:schema" RequestID="123456789" Profile="urn:etoegang:1.10:dss:profiles:PDFSignature">
  <Result>
    <ResultMajor>urn:oasis:names:tc:dss:1.0:resultmajor:ResponderError</ResultMajor>
    <ResultMinor>urn:oasis:names:tc:dss:1.0:resultminor:NotSupported</ResultMinor>
    <ResultMessage>More info on error</ResultMessage>
</Result>
  <OptionalOutputs>
    <AdditionalProfile>urn:oasis:names:tc:dss:1.0:profiles:asynchronousprocessing:1.0</AdditionalProfile>
    <ResponseID>111111111111</ResponseID>
  </OptionalOutputs>
</SignResponse>