<?xml version="1.0" encoding="UTF-8"?>
<!DOCTYPE xml>
<SignRequest xmlns="urn:oasis:names:tc:dss:1.0:core:schema" RequestID="123456789" Profile="urn:etoegang:1.11:dss:profiles:PDFSignature"
    xmlns:eoi="urn:etoegang:1.11:optional-inputs"
    xmlns:saml="urn:oasis:names:tc:SAML:2.0:assertion"
    xmlns:xs="http://www.w3.org/2001/XMLSchema"
    xmlns:xsi="http://www.w3.org/2001/XMLSchema-instance">
  <OptionalInputs>
    <Language>nl</Language>
    <AdditionalProfile>urn:oasis:names:tc:dss:1.0:profiles:asynchronousprocessing:1.0</AdditionalProfile>
    <eoi:ExpiresAfter>2016-05-30T09:00:00</eoi:ExpiresAfter>   
    <eoi:RequiredFeature>UserCanForward</eoi:RequiredFeature>
    <eoi:DisabledFeature>UserCanRequestAdditionalSigner</eoi:DisabledFeature>
    <eoi:RequiredSigners>       
        <eoi:RequiredSigner>
            <saml:Attribute Name="urn:etoegang:1.9:attribute:FamilyName" NameFormat="urn:oasis:names:tc:SAML:2.0:attrname-format:basic">
                <saml:AttributeValue xs:type="xs:string">Jansen</saml:AttributeValue>
            </saml:Attribute>
            <saml:Attribute Name="urn:etoegang:1.9:attribute:FirstName" NameFormat="urn:oasis:names:tc:SAML:2.0:attrname-format:basic">
                <saml:AttributeValue xs:type="xs:string">Arie</saml:AttributeValue>
            </saml:Attribute>
            <saml:Attribute Name="urn:etoegang:1.9:EntityConcernedID:KvKnr" NameFormat="urn:oasis:names:tc:SAML:2.0:attrname-format:basic">
                <saml:AttributeValue xs:type="xs:string">12345678</saml:AttributeValue>
            </saml:Attribute>
        </eoi:RequiredSigner>
        <eoi:RequiredSigner>
            <saml:Attribute Name="urn:etoegang:1.9:attribute:FamilyName" NameFormat="urn:oasis:names:tc:SAML:2.0:attrname-format:basic">
                <saml:AttributeValue xs:type="xs:string">Pietersen</saml:AttributeValue>
            </saml:Attribute>
            <saml:Attribute Name="urn:etoegang:1.9:attribute:FirstName" NameFormat="urn:oasis:names:tc:SAML:2.0:attrname-format:basic">
                <saml:AttributeValue xs:type="xs:string">Bernhard</saml:AttributeValue>
            </saml:Attribute>
        </eoi:RequiredSigner>
    </eoi:RequiredSigners>
  </OptionalInputs>
  <InputDocuments>
    <Document>
      <Base64Data MimeType="application/pdf">[Base64EncodedPDF]</Base64Data>
    </Document>
  </InputDocuments>
</SignRequest>