<?xml version="1.0" encoding="UTF-8"?>
<xs:schema xmlns:xs="http://www.w3.org/2001/XMLSchema"    
	xmlns:md="urn:oasis:names:tc:SAML:2.0:metadata"    
	xmlns:ds="http://www.w3.org/2000/09/xmldsig#"    
	xmlns:eac="urn:etoegang:1.9:attribute-catalogue"   
	xmlns:ectc="urn:etoegang:1.12:entityconcernedtypecatalogue"    
	targetNamespace="urn:etoegang:1.12:entityconcernedtypecatalogue"    
	elementFormDefault="qualified"    
	attributeFormDefault="unqualified"    
	xmlns:xsi="http://www.w3.org/2001/XMLSchema-instance"    
	xsi:schemaLocation="urn:oasis:names:tc:SAML:2.0:metadata http://docs.oasis-open.org/security/saml/v2.0/saml-schema-metadata-2.0.xsd"> 
     
	<xs:import namespace="http://www.w3.org/2000/09/xmldsig#"        
	schemaLocation="http://www.w3.org/TR/xmldsig-core/xmldsig-core-schema.xsd" />     
	<xs:import namespace="urn:oasis:names:tc:SAML:2.0:metadata"        
	schemaLocation="http://docs.oasis-open.org/security/saml/v2.0/saml-schema-metadata-2.0.xsd" />     
  
	<xs:element name="EntityConcernedType" type="ectc:EntityConcernedTypeType" />    
	<xs:complexType name="EntityConcernedTypeType">        
	    <xs:sequence>            
	       <xs:element name="Name" type="xs:anyURI" minOccurs="1" maxOccurs="1" />            
	       <xs:element name="Type" type="xs:string" minOccurs="1" maxOccurs="1" />            
	       <xs:element name="FriendlyName" type="md:localizedNameType" minOccurs="1" maxOccurs="unbounded" />            
	       <xs:element name="Description" type="md:localizedNameType" minOccurs="1" maxOccurs="unbounded" />            
	       <xs:element name="ChainAuthorization" type="xs:boolean" minOccurs="1" maxOccurs="1" />    
	       <xs:element name="Representation" type="xs:boolean" minOccurs="1" maxOccurs="1" />        
	   </xs:sequence>    
	</xs:complexType>     
	  
	<xs:element name="AttributeCatalogue" type="eac:AttributeCatalogueType" />    
	<xs:complexType name="AttributeCatalogueType" >        
	    <xs:sequence>            
	        <xs:element ref="ds:Signature" />            
	        <xs:element ref="eac:Attribute" maxOccurs="unbounded" />        
	    </xs:sequence>        
	    <xs:attribute name="IssueInstant" type="xs:dateTime" use="required" />        
	    <xs:attribute name="Version" type="xs:anyURI" use="required" />   
	</xs:complexType> 
</xs:schema>