<soapenv:Envelope xmlns:bsnkr="urn:etoegang:1.9:bsn-koppelregister"
    xmlns:soapenv="http://schemas.xmlsoap.org/soap/envelope/"
    xmlns:ds="http://www.w3.org/2000/09/xmldsig#"
    xmlns:wsa="http://www.w3.org/2005/08/addressing"
    xmlns:wsse="http://docs.oasis-open.org/wss/2004/01/oasis-200401-wss-wssecurity-secext-1.0.xsd"
    xmlns:wsu="http://docs.oasis-open.org/wss/2004/01/oasis-200401-wss-wssecurity-utility-1.0.xsd">
 
    <soapenv:Header>
        <wsa:MessageID>uuid:8beca0d6-ddc4-11e4-a031-080027a35b78</wsa:MessageID>
        <wsa:Action>urn:etoegang:1.9:bsn-koppelregister:AssociateBSNRequest</wsa:Action>
        <wsa:To>https:///TODO/Association</wsa:To>
        <wsa:ReplyTo>
            <wsa:Address>http://www.w3.org/2005/08/addressing/anonymous</wsa:Address>
        </wsa:ReplyTo>
 
        <wsse:Security>
            <ds:Signature Id="SIG-B6C0693498ADABBB511425655705388145">
                <ds:SignedInfo>
                    <ds:CanonicalizationMethod Algorithm="http://www.w3.org/2001/10/xml-exc-c14n#" />
                    <ds:SignatureMethod Algorithm="http://www.w3.org/2001/04/xmldsig-more#rsa-sha256" />
                    <ds:Reference URI="#id-B6C0693498ADABBB511425655705387144">
                        <ds:Transforms>
                            <ds:Transform Algorithm="http://www.w3.org/2001/10/xml-exc-c14n#" />
                        </ds:Transforms>
                        <ds:DigestMethod Algorithm="http://www.w3.org/2001/04/xmlenc#sha256" />
                        <ds:DigestValue></ds:DigestValue>
                    </ds:Reference>
                    <ds:Reference URI="#KI-B6C0693498ADABBB511425655705386142">
                        <ds:Transforms>
                            <ds:Transform Algorithm="http://www.w3.org/2001/10/xml-exc-c14n#" />
                        </ds:Transforms>
                        <ds:DigestMethod Algorithm="http://www.w3.org/2001/04/xmlenc#sha256" />
                        <ds:DigestValue></ds:DigestValue>
                    </ds:Reference>
                </ds:SignedInfo>
                <ds:SignatureValue></ds:SignatureValue>
                <ds:KeyInfo Id="KI-B6C0693498ADABBB511425655705386142">
                    <wsse:SecurityTokenReference>
                        <ds:X509Data>
                            <ds:X509IssuerSerial>
                                <ds:X509IssuerName>CN=,,O=,C=NL</ds:X509IssuerName>
                                <ds:X509SerialNumber>834756977854956</ds:X509SerialNumber>
                            </ds:X509IssuerSerial>
                        </ds:X509Data>
                    </wsse:SecurityTokenReference>
                </ds:KeyInfo>
            </ds:Signature>
        </wsse:Security>
    </soapenv:Header>
 
    <soapenv:Body wsu:Id="id-B6C0693498ADABBB511425655705387144">
        <bsnkr:AssociateBSNRequest DateTime="2015-03-06T13:30:00Z">
            <bsnkr:SpecificPseudonym>e0cd8fa80a0a251da7dc3e7ace0804b7a3d350c6ab283a2b41c9d65dcfa66ea5</bsnkr:SpecificPseudonym>
            <bsnkr:BSN>999999047</bsnkr:BSN>
            <bsnkr:DocumentType>NL-Rijbewijs</bsnkr:DocumentType>
            <bsnkr:DocumentID>973413475</bsnkr:DocumentID>
            <bsnkr:GivenNames>Sjaak</bsnkr:GivenNames>
            <bsnkr:SurName>Test</bsnkr:SurName>
            <bsnkr:DateOfBirth>1931-03</bsnkr:DateOfBirth>
            <bsnkr:PlaceOfBirth>Nergenshuizen</bsnkr:PlaceOfBirth>
        </bsnkr:AssociateBSNRequest>
    </soapenv:Body>
 
</soapenv:Envelope>