<soapenv:Envelope xmlns:bsnkr="urn:etoegang:1.9:bsn-koppelregister"
    xmlns:soapenv="http://schemas.xmlsoap.org/soap/envelope/"
    xmlns:ds="http://www.w3.org/2000/09/xmldsig#"
    xmlns:wsa="http://www.w3.org/2005/08/addressing"
    xmlns:wsse="http://docs.oasis-open.org/wss/2004/01/oasis-200401-wss-wssecurity-secext-1.0.xsd"
    xmlns:wsu="http://docs.oasis-open.org/wss/2004/01/oasis-200401-wss-wssecurity-utility-1.0.xsd">
 
    <soapenv:Header>
 
        <wsa:MessageID>uuid:18010c20-ddce-11e4-bb1f-080027a35b78</wsa:MessageID>
        <wsa:Action>urn:etoegang:1.9:bsn-koppelregister:DeassociateBSNRequest</wsa:Action>
        <wsa:To>https:///TODO/Association</wsa:To>
        <wsa:ReplyTo>
            <wsa:Address>http://www.w3.org/2005/08/addressing/anonymous</wsa:Address>
        </wsa:ReplyTo>
 
        <wsse:Security>
            <ds:Signature>
                <ds:SignedInfo>
                    <ds:CanonicalizationMethod Algorithm="http://www.w3.org/2001/10/xml-exc-c14n#"/>
                    <ds:SignatureMethod Algorithm="http://www.w3.org/2001/04/xmldsig-more#rsa-sha256"/>
                    <ds:Reference URI="#id-B6C0693498ADABBB511425657482020239B">
                        <ds:Transforms>
                            <ds:Transform Algorithm="http://www.w3.org/2001/10/xml-exc-c14n#"/>
                        </ds:Transforms>
                        <ds:DigestMethod Algorithm="http://www.w3.org/2001/04/xmlenc#sha256" />
                        <ds:DigestValue></ds:DigestValue>
                    </ds:Reference>
                    <ds:Reference URI="#KI-B6C0693498ADABBB511425657482019237B">
                        <ds:Transforms>
                            <ds:Transform Algorithm="http://www.w3.org/2001/10/xml-exc-c14n#"/>
                        </ds:Transforms>
                        <ds:DigestMethod Algorithm="http://www.w3.org/2001/04/xmlenc#sha256" />
                        <ds:DigestValue></ds:DigestValue>
                    </ds:Reference>
                </ds:SignedInfo>
                <ds:SignatureValue></ds:SignatureValue>
                <ds:KeyInfo Id="KI-B6C0693498ADABBB511425657482019237B">
                    <wsse:SecurityTokenReference>
                        <ds:X509Data>
                            <ds:X509IssuerSerial>
                                <ds:X509IssuerName>CN=,,O=,C=NL</ds:X509IssuerName>
                                <ds:X509SerialNumber>834756977854956</ds:X509SerialNumber>
                            </ds:X509IssuerSerial>
                        </ds:X509Data>
                    </wsse:SecurityTokenReference>
                </ds:KeyInfo>
            </ds:Signature>
        </wsse:Security>
    </soapenv:Header>
 
    <soapenv:Body wsu:Id="id-B6C0693498ADABBB511425657482020239B">
        <bsnkr:DeassociateBSNRequest DateTime="2015-03-06T13:31:00Z">
            <bsnkr:SpecificPseudonym>90ac5448d42da28718db71c9a5fed89d18a1c9c0c41123ca291cdc6b324d2835</bsnkr:SpecificPseudonym>
            <bsnkr:AssociationConfirmation>c382bb42-ddca-11e4-ac18-080027a35b78|SibawPY0ImWUZKCKeKppzHOvGk7Xltx4x1p1ZvDeqfM=</bsnkr:AssociationConfirmation>
        </bsnkr:DeassociateBSNRequest>
    </soapenv:Body>
 
</soapenv:Envelope>