<?xml version='1.0' encoding='UTF-8'?>
<soapenv:Envelope xmlns:ns1="urn:etoegang:1.9:bsn-koppelregister"
    xmlns:soapenv="http://schemas.xmlsoap.org/soap/envelope/"
    xmlns:ds="http://www.w3.org/2000/09/xmldsig#"
    xmlns:wsa="http://www.w3.org/2005/08/addressing"
    xmlns:wsse="http://docs.oasis-open.org/wss/2004/01/oasis-200401-wss-wssecurity-secext-1.0.xsd"
    xmlns:wsu="http://docs.oasis-open.org/wss/2004/01/oasis-200401-wss-wssecurity-utility-1.0.xsd">
 
    <soapenv:Header>
 
        <wsa:MessageID>uuid:206c0fb0-ddd1-11e4-ab19-080027a35b78</wsa:MessageID>
        <wsa:RelatesTo>uuid:8beca0d6-ddc4-11e4-a031-080027a35b78</wsa:RelatesTo>
        <wsa:Action>urn:etoegang:1.9:bsn-koppelregister:AssociateBSNResponse</wsa:Action>
        <wsa:To>http://www.w3.org/2005/08/addressing/anonymous</wsa:To>
 
        <wsse:Security soapenv:mustUnderstand="1">
            <ds:Signature>
                <ds:SignedInfo>
                    <ds:CanonicalizationMethod Algorithm="http://www.w3.org/2001/10/xml-exc-c14n#"/>
                    <ds:SignatureMethod Algorithm="http://www.w3.org/2000/09/xmldsig#rsa-sha1"/>
                    <ds:Reference URI="#Id-349518723A">
                        <ds:Transforms>
                            <ds:Transform Algorithm="http://www.w3.org/2001/10/xml-exc-c14n#"/>
                        </ds:Transforms>
                        <ds:DigestMethod Algorithm="http://www.w3.org/2001/04/xmlenc#sha256"/>
                        <ds:DigestValue></ds:DigestValue>
                    </ds:Reference>
                    <ds:Reference URI="#KI-1CD3AB2B338DFFDC9A14256557054348A">
                        <ds:Transforms>
                            <ds:Transform Algorithm="http://www.w3.org/2001/10/xml-exc-c14n#"/>
                        </ds:Transforms>
                        <ds:DigestMethod Algorithm="http://www.w3.org/2001/04/xmlenc#sha256"/>
                        <ds:DigestValue></ds:DigestValue>
                    </ds:Reference>
                </ds:SignedInfo>
                <ds:SignatureValue></ds:SignatureValue>
                <ds:KeyInfo Id="KI-1CD3AB2B338DFFDC9A14256557054348A">
                    <wsse:SecurityTokenReference>
                        <ds:X509Data>
                            <ds:X509IssuerSerial>
                                <ds:X509IssuerName>CN=...,...,O=...,C=NL</ds:X509IssuerName>
                                <ds:X509SerialNumber>5435438675574636</ds:X509SerialNumber>
                            </ds:X509IssuerSerial>
                        </ds:X509Data>
                    </wsse:SecurityTokenReference>
                </ds:KeyInfo>
            </ds:Signature>
        </wsse:Security>
    </soapenv:Header>
 
    <soapenv:Body wsu:Id="Id-349518723A">
        <ns1:AssociateBSNResponse DateTime="2015-03-06T16:28:25.433+01:00">
            <ns1:AssociationConfirmation>c382bb42-ddca-11e4-ac18-080027a35b78|SibawPY0ImWUZKCKeKppzHOvGk7Xltx4x1p1ZvDeqfM=</ns1:AssociationConfirmation>
        </ns1:AssociateBSNResponse>
    </soapenv:Body>
 
</soapenv:Envelope>